Speed_Regime,MAE,Std_Error,Count,Mean_Bias
Low (0-10),0.000839,0.0012,790,-5.1e-05
Medium (10-15),0.000331,0.000273,518,2.1e-05
High (15-20),0.000348,0.00027,283,-3.9e-05
Very High (20+),0.000296,0.000241,796,-7e-06
