Model,Mean R²,Std R²,Min R²,Max R²
Linear Regression,0.8424297930274889,0.0031215347996668974,0.8404809034858469,0.8486441400361298
Ridge Regression,0.793355271005809,0.002103767136753826,0.7910988846506288,0.7960650233597839
SVR,0.9980350927104981,0.00022128761286263046,0.9978130694128055,0.9984078867971199
Decision Tree,0.9867841825481956,0.0023889245927430536,0.9836467329772793,0.9892485203643518
Random Forest,0.9957327963690579,0.0008349537922825678,0.9940944536378103,0.9963638605004533
