Speed_Regime,MAE,Std_Error,Count,Mean_Bias
Low (0-10),0.000568,0.000883,790,-3.5e-05
Medium (10-15),0.000157,0.000136,518,-1.4e-05
High (15-20),0.000144,0.00012,283,-1.4e-05
Very High (20+),0.000213,0.000186,796,-1.2e-05
