Model,Mean R²,Std R²,Min R²,Max R²
Linear Regression,0.9107988545676526,0.0052140704249497806,0.9020959613960899,0.9160650887175463
Ridge Regression,0.7951729378647349,0.01086879319078578,0.7801397033674773,0.8087531831867738
SVR,0.9931353229769568,0.00033611042593458044,0.9926836419883333,0.9935800178887173
Decision Tree,0.9761376502150976,0.00318521284859788,0.971302580647241,0.9812307182475577
Random Forest,0.9915904177741277,0.0013227796427139845,0.9899418419309719,0.9936090250095831
