Component,Snapshot_Index,Current_Decay,Threshold,Predicted_RUL,Regression_Slope,Regression_Intercept
Compressor,997,0.996,0.95,11064.782692307674,-4.180879311280538e-06,1.0004288577154308
Turbine,997,0.994,0.975,170.91787439613586,-0.00010946589106292978,1.102847170809096
